,0
0,0
0x31,1
1,2
10,3
100,4
101,5
102,6
103,7
104,8
105,9
106,10
107,11
108,12
109,13
11,14
110,15
111,16
112,17
113,18
114,19
115,20
116,21
117,22
118,23
119,24
12,25
120,26
121,27
122,28
123,29
124,30
125,31
126,32
127,33
128,34
129,35
13,36
130,37
131,38
132,39
133,40
134,41
135,42
136,43
137,44
138,45
139,46
14,47
140,48
141,49
142,50
143,51
144,52
145,53
146,54
147,55
148,56
149,57
15,58
150,59
151,60
152,61
153,62
154,63
155,64
156,65
157,66
158,67
159,68
16,69
160,70
161,71
162,72
163,73
164,74
165,75
166,76
167,77
168,78
169,79
17,80
170,81
171,82
172,83
173,84
174,85
175,86
176,87
177,88
178,89
179,90
18,91
180,92
181,93
182,94
183,95
184,96
185,97
186,98
187,99
188,100
189,101
19,102
190,103
191,104
192,105
193,106
194,107
195,108
196,109
197,110
198,111
199,112
2,113
20,114
200,115
201,116
202,117
203,118
204,119
205,120
206,121
207,122
208,123
209,124
21,125
210,126
211,127
212,128
213,129
214,130
215,131
216,132
217,133
218,134
219,135
22,136
220,137
221,138
222,139
223,140
224,141
225,142
226,143
227,144
228,145
229,146
23,147
230,148
231,149
232,150
233,151
234,152
235,153
236,154
237,155
238,156
239,157
24,158
240,159
241,160
242,161
243,162
244,163
245,164
246,165
247,166
248,167
249,168
25,169
250,170
251,171
252,172
253,173
254,174
255,175
26,176
27,177
28,178
29,179
3,180
30,181
31,182
32,183
33,184
34,185
35,186
36,187
37,188
38,189
39,190
4,191
40,192
41,193
42,194
43,195
44,196
45,197
46,198
47,199
48,200
49,201
5,202
50,203
51,204
52,205
53,206
54,207
55,208
56,209
57,210
58,211
59,212
6,213
60,214
61,215
62,216
63,217
64,218
65,219
66,220
67,221
68,222
69,223
7,224
70,225
71,226
72,227
73,228
74,229
75,230
76,231
77,232
78,233
79,234
8,235
80,236
81,237
82,238
83,239
84,240
85,241
86,242
87,243
88,244
89,245
9,246
90,247
91,248
92,249
93,250
94,251
95,252
96,253
97,254
98,255
99,256
ac,257
ae,258
agency,259
ai,260
am,261
ao,262
app,263
app%2F&amp;sa=D&amp;sntz=1&amp;usg=AOvVaw25tZ20p-A7h8BdcqjohO6e,264
ar,265
art,266
asia,267
at,268
au,269
autos,270
az,271
ba,272
bd,273
be,274
beer,275
best,276
bet,277
bid,278
bike,279
bio,280
biz,281
blog,282
bn,283
bo,284
boats,285
bond,286
bot,287
br,288
business,289
buzz,290
by,291
ca,292
cam,293
capital,294
cat,295
cc,296
cf,297
cfd,298
ch,299
chat,300
ci,301
cl,302
claims,303
click,304
cloud,305
club,306
cn,307
co,308
com,309
come,310
company,311
cv,312
cx,313
cy,314
cyou,315
cz,316
day,317
de,318
dev,319
digital,320
digital2,321
dk,322
domains,323
download,324
ec,325
edu,326
ee,327
eg,328
email,329
es,330
et,331
eu,332
exchange,333
express,334
fi,335
fit,336
fm,337
forum,338
fr,339
fun,340
fyi,341
gallery,342
garden,343
gay,344
gd,345
ge,346
gg,347
gl,348
gle,349
global,350
golf,351
goog,352
google,353
gq,354
gr,355
gs,356
gt,357
gy,358
hair,359
help,360
hk,361
hn,362
homes,363
host,364
hr,365
ht,366
hu,367
icu,368
id,369
ie,370
il,371
im,372
in,373
info,374
ink,375
io,376
iq,377
ir,378
is,379
it,380
je,381
jp,382
ke,383
kg,384
kr,385
kz,386
la,387
lat,388
lease,389
legal,390
li,391
life,392
limo,393
link,394
live,395
lk,396
locker,397
lol,398
love,399
lt,400
lu,401
lv,402
ly,403
ma,404
market,405
marketing,406
mc,407
me,408
media,409
microsoft,410
ml,411
mn,412
mobi,413
moe,414
mom,415
monster,416
moscow,417
motorcycles,418
mq,419
ms,420
mx,421
my,422
name,423
net,424
network,425
news,426
nf,427
ng,428
ninja,429
nl,430
no,431
now,432
np,433
nu,434
nz,435
one,436
onl,437
online,438
ooo,439
org,440
ovh,441
page,442
pe,443
pf,444
ph,445
photos,446
pics,447
pk,448
pl,449
place,450
plus,451
press,452
pro,453
ps,454
pt,455
pub,456
pw,457
py,458
qa,459
qpon,460
quest,461
re,462
ren,463
rest,464
rip,465
ro,466
rocks,467
rs,468
ru,469
run,470
rw,471
sa,472
sale,473
sbs,474
school,475
science,476
se,477
services,478
sg,479
sh,480
shop,481
si,482
site,483
sk,484
sn,485
so,486
space,487
st,488
store,489
studio,490
su,491
support,492
tc,493
td,494
team,495
tech,496
tf,497
th,498
tl,499
tn,500
to,501
today,502
tokyo,503
top,504
tours,505
tr,506
tv,507
tw,508
tz,509
ua,510
uk,511
us,512
uy,513
uz,514
vc,515
vg,516
vip,517
vn,518
website,519
wiki,520
win,521
work,522
world,523
ws,524
wtf,525
xin,526
xn--p1ai,527
xyz,528
yachts,529
za,530
zip,531
zm,532
zone,533
zw,534
